id,sha256,heard,reviewer,device,clarity_1_5,identity_1_5,fatigue_1_5,loop_result,decision,notes
music-a,2e680cb77ed3231c1c9b90d901db43e60ef2c743fa6e366a0d59b05440b4349c,false,,,,,,pending,technical_candidate,
music-b,2daf468e45620c5e2be4494f5fcc762b4a9ac8eb27c04cc1346deb533018e270,false,,,,,,pending,technical_candidate,
jump-a,1651a9eb91ba9689cf63e13baf5ca2125c7053c833d901d3164f832a421f6235,false,,,,,,pending,technical_candidate,
jump-b,0f24cc42178618e01796bdaf7229b16c637241b1fcfea88caba12d0e982426ae,false,,,,,,pending,technical_candidate,
water-a,493e12f260a52f4be138452a8f5c6cf5a3ec716fcfcfe66eb5b8310f85678c89,false,,,,,,pending,technical_candidate,
water-b,3876fc78231d48488bb25d5ddb00bf8cf1c4b9ef7c874f714e4664f596045015,false,,,,,,pending,technical_candidate,
juice-a,566f4a8ea3fea48cfbe7565d9a1ad24c643b178dd0d57b46a3504e66c54803e4,false,,,,,,pending,technical_candidate,
juice-b,f3adb2854b99965321d42d10e660cc80902aec65404e7e00af92ba7a61ebad02,false,,,,,,pending,technical_candidate,
warning-a,d01c8f4900e16a0900dfa95f4ffe6d12d82873b8e05b06b0380fd73f2e9d6ac2,false,,,,,,pending,technical_candidate,
warning-b,ad1d3af17b6528e5d0e18b9e3e187941ef92f3e0b2a1896064209f7fc7db7dfd,false,,,,,,pending,technical_candidate,
pressure-a,d59bc9494959727807e15d8d2259ea9ce96f8f2ff57783ca9b6ccfe83bde2c71,false,,,,,,pending,technical_candidate,
pressure-b,3772c9aa325a45e0f347179a2dcf955b2a7385bd133cb81c83c7f5df4e2b5583,false,,,,,,pending,technical_candidate,
discharge-a,96245beaa65c8837087910f255101accbdbeb554760ec3f5a30a3232a26a14f3,false,,,,,,pending,technical_candidate,
discharge-b,e1ac97949eae194d618c6beb600642fb08a4319db6aa9f18ff793df09036c936,false,,,,,,pending,technical_candidate,
